Sketch,Plane,x,y,z
0,XY,-11.084619407771257,0.0,0.0
0,XY,-11.084619407771257,2.3,0.0
0,XY,-9.084619407771257,2.3,0.0
0,XY,-9.084619407771257,2.6,0.0
0,XY,-12.084619407771257,2.6,0.0
0,XY,-12.084619407771257,-2.6,0.0
0,XY,-9.084619407771257,-2.6,0.0
0,XY,-9.084619407771257,-2.3,0.0
0,XY,-11.084619407771257,-2.3,0.0
0,XY,-11.084619407771257,0.0,0.0
